<?xml version="1.0" ?>
<data>
  <!--NOTE: This is an ** Autogenerated file **-->
  <!--BlockSize = 128 KB-->
  <!--PageSize  = 2 KB-->
  <!--NUM_PARTITION_SECTORS  = 65536-->
  <erase PAGES_PER_BLOCK="64" SECTOR_SIZE_IN_BYTES="2048" num_partition_sectors="640" physical_partition_number="0" start_sector="0"/>			<!-- erase SBL1 -->
  <erase PAGES_PER_BLOCK="64" SECTOR_SIZE_IN_BYTES="2048" num_partition_sectors="640" physical_partition_number="0" start_sector="640"/>		<!-- erase MIBIB -->
  <!--erase PAGES_PER_BLOCK="64" SECTOR_SIZE_IN_BYTES="2048" num_partition_sectors="3584" physical_partition_number="0" start_sector="1280"/-->	<!-- erase Cache_EFS2 -->
  <!--erase PAGES_PER_BLOCK="64" SECTOR_SIZE_IN_BYTES="2048" num_partition_sectors="10752" physical_partition_number="0" start_sector="4864"/--><!-- erase EFS2 -->
  <erase PAGES_PER_BLOCK="64" SECTOR_SIZE_IN_BYTES="2048" num_partition_sectors="768" physical_partition_number="0" start_sector="15616"/>  	<!-- erase TZ -->
  <erase PAGES_PER_BLOCK="64" SECTOR_SIZE_IN_BYTES="2048" num_partition_sectors="768" physical_partition_number="0" start_sector="16384"/>		<!-- erase MBA -->
  <erase PAGES_PER_BLOCK="64" SECTOR_SIZE_IN_BYTES="2048" num_partition_sectors="384" physical_partition_number="0" start_sector="17152"/>		<!-- erase ACDB -->
  <erase PAGES_PER_BLOCK="64" SECTOR_SIZE_IN_BYTES="2048" num_partition_sectors="512" physical_partition_number="0" start_sector="17536"/>		<!-- erase RPM -->
  <erase PAGES_PER_BLOCK="64" SECTOR_SIZE_IN_BYTES="2048" num_partition_sectors="14336" physical_partition_number="0" start_sector="18048"/>	<!-- erase QDSP -->
  <erase PAGES_PER_BLOCK="64" SECTOR_SIZE_IN_BYTES="2048" num_partition_sectors="3328" physical_partition_number="0" start_sector="32384"/>		<!-- erase APPS -->
  <erase PAGES_PER_BLOCK="64" SECTOR_SIZE_IN_BYTES="2048" num_partition_sectors="14336" physical_partition_number="0" start_sector="35712"/>	<!-- erase SCRUB -->
  <erase PAGES_PER_BLOCK="64" SECTOR_SIZE_IN_BYTES="2048" num_partition_sectors="768" physical_partition_number="0" start_sector="50048"/>		<!-- erase Cache_MBA -->
  <erase PAGES_PER_BLOCK="64" SECTOR_SIZE_IN_BYTES="2048" num_partition_sectors="768" physical_partition_number="0" start_sector="50816"/>		<!-- erase Cache_TZ -->
  <erase PAGES_PER_BLOCK="64" SECTOR_SIZE_IN_BYTES="2048" num_partition_sectors="512" physical_partition_number="0" start_sector="51584"/>		<!-- erase Cache_RPM -->
  <erase PAGES_PER_BLOCK="64" SECTOR_SIZE_IN_BYTES="2048" num_partition_sectors="3328" physical_partition_number="0" start_sector="52096"/>		<!-- erase Cache_APPS -->
  <erase PAGES_PER_BLOCK="64" SECTOR_SIZE_IN_BYTES="2048" num_partition_sectors="384" physical_partition_number="0" start_sector="55424"/>		<!-- erase Cache_ACDB -->
  <erase PAGES_PER_BLOCK="64" SECTOR_SIZE_IN_BYTES="2048" num_partition_sectors="512" physical_partition_number="0" start_sector="55808"/>		<!-- erase misc  -->
  <erase PAGES_PER_BLOCK="64" SECTOR_SIZE_IN_BYTES="2048" num_partition_sectors="384" physical_partition_number="0" start_sector="56320"/>		<!-- erase sec  -->
  <erase PAGES_PER_BLOCK="64" SECTOR_SIZE_IN_BYTES="2048" num_partition_sectors="8832" physical_partition_number="0" start_sector="56704"/>		<!-- erase EFS2APPS -->

  <program PAGES_PER_BLOCK="64" SECTOR_SIZE_IN_BYTES="2048" filename="partition_complete_p2K_b128K.mbn" num_partition_sectors="640" physical_partition_number="0" start_sector="640"/>
  <program PAGES_PER_BLOCK="64" SECTOR_SIZE_IN_BYTES="2048" filename="" num_partition_sectors="768" physical_partition_number="0" start_sector="4864"/>				<!-- CEFS -->
  <program PAGES_PER_BLOCK="64" SECTOR_SIZE_IN_BYTES="2048" filename="..\tz.mbn" num_partition_sectors="768" physical_partition_number="0" start_sector="15616"/>	<!-- TZ -->
  <program PAGES_PER_BLOCK="64" SECTOR_SIZE_IN_BYTES="2048" filename="..\mba.mbn" num_partition_sectors="768" physical_partition_number="0" start_sector="16384"/>	<!-- MBA -->
  <program PAGES_PER_BLOCK="64" SECTOR_SIZE_IN_BYTES="2048" filename="..\acdb.mbn" num_partition_sectors="384" physical_partition_number="0" start_sector="17152"/>	<!-- ACDB -->
  <program PAGES_PER_BLOCK="64" SECTOR_SIZE_IN_BYTES="2048" filename="..\rpm.mbn" num_partition_sectors="512" physical_partition_number="0" start_sector="17536"/>	<!-- RPM -->
  <program PAGES_PER_BLOCK="64" SECTOR_SIZE_IN_BYTES="2048" filename="..\qdsp6sw.mbn" num_partition_sectors="14336" physical_partition_number="0" start_sector="18048"/><!-- QDSP -->
  <program PAGES_PER_BLOCK="64" SECTOR_SIZE_IN_BYTES="2048" filename="..\apps.mbn" num_partition_sectors="3328" physical_partition_number="0" start_sector="32384"/><!-- APPS -->
  <program PAGES_PER_BLOCK="64" SECTOR_SIZE_IN_BYTES="2048" filename="" num_partition_sectors="14336" physical_partition_number="0" start_sector="35712"/> 	<!-- SCRUB -->
  <program PAGES_PER_BLOCK="64" SECTOR_SIZE_IN_BYTES="2048" filename="" num_partition_sectors="768" physical_partition_number="0" start_sector="50048"/>	<!-- Cache_MBA -->
  <program PAGES_PER_BLOCK="64" SECTOR_SIZE_IN_BYTES="2048" filename="" num_partition_sectors="512" physical_partition_number="0" start_sector="50816"/>	<!-- Cache_TZ -->
  <program PAGES_PER_BLOCK="64" SECTOR_SIZE_IN_BYTES="2048" filename="" num_partition_sectors="3328" physical_partition_number="0" start_sector="51584"/>	<!-- Cache_RPM -->
  <program PAGES_PER_BLOCK="64" SECTOR_SIZE_IN_BYTES="2048" filename="" num_partition_sectors="384" physical_partition_number="0" start_sector="52096"/>	<!-- Cache_APPS -->
  <program PAGES_PER_BLOCK="64" SECTOR_SIZE_IN_BYTES="2048" filename="" num_partition_sectors="512" physical_partition_number="0" start_sector="55424"/>	<!-- Cache_ACDB -->
  <program PAGES_PER_BLOCK="64" SECTOR_SIZE_IN_BYTES="2048" filename="" num_partition_sectors="512" physical_partition_number="0" start_sector="55808"/>	<!-- misc -->
  <program PAGES_PER_BLOCK="64" SECTOR_SIZE_IN_BYTES="2048" filename="" num_partition_sectors="384" physical_partition_number="0" start_sector="56320"/>	<!-- sec -->
  <program PAGES_PER_BLOCK="64" SECTOR_SIZE_IN_BYTES="2048" filename="..\efs2apps.mbn" num_partition_sectors="8832" physical_partition_number="0" start_sector="56704"/><!-- EFS2APPS -->
  <program PAGES_PER_BLOCK="64" SECTOR_SIZE_IN_BYTES="2048" filename="..\sbl1.mbn" num_partition_sectors="640" physical_partition_number="0" start_sector="0"/>			<!-- SBL1 -->
</data>
